,Movie Name,Year of Release,Watch Time,Movie Rating,Metascore of Movies,Votes,Gross
0,The Shawshank Redemption,1994,142,9.3,80,"2,418,382",$28.34M
1,The Godfather,1972,175,9.2,100,"1,672,597",$134.97M
2,Soorarai Pottru,2020,153,9.1,^^,"84,584",^^
3,Dara iz Jasenovca,2020,130,9,^^,"35,019",^^
4,The Dark Knight,2008,152,9,84,"2,375,787",$534.86M
5,The Godfather: Part II,1974,202,9,90,"1,161,666",$57.30M
6,12 Angry Men,1957,96,9,96,"712,504",$4.36M
7,The Lord of the Rings: The Return of the King,2003,201,8.9,94,"1,683,393",$377.85M
8,Pulp Fiction,1994,154,8.9,94,"1,876,632",$107.93M
9,Schindler's List,1993,195,8.9,94,"1,244,880",$96.90M
10,Inception,2010,148,8.8,74,"2,132,377",$292.58M
11,Fight Club,1999,139,8.8,66,"1,907,409",$37.03M
12,The Lord of the Rings: The Fellowship of the Ring,2001,178,8.8,92,"1,704,477",$315.54M
13,Forrest Gump,1994,142,8.8,82,"1,868,065",$330.25M
14,"Il buono, il brutto, il cattivo",1966,161,8.8,90,"704,892",$6.10M
15,Drishyam 2,2021,152,8.7,^^,"28,238",^^
16,The Lord of the Rings: The Two Towers,2002,179,8.7,87,"1,521,996",$342.55M
17,The Matrix,1999,136,8.7,73,"1,723,511",$171.48M
18,Goodfellas,1990,146,8.7,90,"1,050,960",$46.84M
19,Star Wars: Episode V - The Empire Strikes Back,1980,124,8.7,82,"1,186,136",$290.48M
20,One Flew Over the Cuckoo's Nest,1975,133,8.7,84,"939,225",$112.00M
21,Gisaengchung,2019,132,8.6,96,"627,926",$53.37M
22,Interstellar,2014,169,8.6,74,"1,578,014",$188.02M
23,Cidade de Deus,2002,130,8.6,79,"713,094",$7.56M
24,Sen to Chihiro no kamikakushi,2001,125,8.6,96,"678,183",$10.06M
25,Saving Private Ryan,1998,169,8.6,91,"1,272,275",$216.54M
26,The Green Mile,1999,189,8.6,61,"1,182,690",$136.80M
27,La vita è bella,1997,116,8.6,59,"641,129",$57.60M
28,Se7en,1995,127,8.6,65,"1,489,207",$100.13M
29,The Silence of the Lambs,1991,118,8.6,85,"1,308,637",$130.74M
30,Star Wars,1977,121,8.6,90,"1,258,232",$322.74M
31,Seppuku,1962,133,8.6,85,"46,205",^^
32,Shichinin no samurai,1954,207,8.6,98,"323,399",$0.27M
33,It's a Wonderful Life,1946,130,8.6,89,"414,917",^^
34,Ratsasan,2018,170,8.5,^^,"31,955",^^
35,Whiplash,2014,106,8.5,88,"747,302",$13.09M
36,The Intouchables,2011,112,8.5,57,"784,353",$13.18M
37,The Prestige,2006,130,8.5,66,"1,225,116",$53.09M
38,The Departed,2006,151,8.5,85,"1,221,896",$132.38M
39,The Pianist,2002,150,8.5,85,"755,360",$32.57M
40,Gladiator,2000,155,8.5,67,"1,376,949",$187.71M
41,American History X,1998,119,8.5,62,"1,054,623",$6.72M
42,The Usual Suspects,1995,106,8.5,77,"1,013,538",$23.34M
43,Léon,1994,110,8.5,64,"1,063,992",$19.50M
44,The Lion King,1994,88,8.5,88,"968,456",$422.78M
45,Terminator 2: Judgment Day,1991,137,8.5,75,"1,017,805",$204.84M
46,Nuovo Cinema Paradiso,1988,155,8.5,80,"238,884",$11.99M
47,Hotaru no haka,1988,89,8.5,94,"246,001",^^
48,Back to the Future,1985,116,8.5,87,"1,091,593",$210.61M
49,Once Upon a Time in the West,1968,165,8.5,80,"309,456",$5.32M
50,Psycho,1960,109,8.5,97,"620,105",$32.00M
51,Pather Panchali,1955,125,8.5,^^,"26,435",$0.54M
52,Rear Window,1954,112,8.5,100,"455,655",$36.76M
53,Casablanca,1942,102,8.5,100,"533,541",$1.02M
54,Modern Times,1936,87,8.5,96,"224,323",$0.16M
55,City Lights,1931,87,8.5,99,"172,364",$0.02M
56,Hamilton,2020,160,8.4,90,"68,179",^^
57,Capharnaüm,2018,126,8.4,75,"70,933",$1.66M
58,Joker,2019,122,8.4,59,"1,023,375",$335.45M
59,Ayla: The Daughter of War,2017,125,8.4,^^,"36,101",^^
60,Vikram Vedha,2017,147,8.4,^^,"31,841",^^
61,Kimi no na wa.,2016,106,8.4,79,"214,478",$5.02M
62,Dangal,2016,161,8.4,^^,"166,366",$12.39M
63,Spider-Man: Into the Spider-Verse,2018,117,8.4,87,"409,363",$190.24M
64,Avengers: Endgame,2019,181,8.4,78,"898,292",$858.37M
65,Avengers: Infinity War,2018,149,8.4,68,"893,536",$678.82M
66,Coco,I 2017,105,8.4,81,"415,387",$209.73M
67,Django Unchained,2012,165,8.4,81,"1,401,015",$162.81M
68,The Dark Knight Rises,2012,164,8.4,78,"1,555,612",$448.14M
69,3 Idiots,2009,170,8.4,67,"359,956",$6.53M
70,Kimetsu no Yaiba: Mugen Ressha-Hen,2020,117,8.4,75,"27,724",^^
71,Taare Zameen Par,2007,165,8.4,^^,"176,751",$1.22M
72,WALL·E,2008,98,8.4,95,"1,026,811",$223.81M
73,The Lives of Others,2006,137,8.4,89,"367,526",$11.29M
74,Oldeuboi,2003,101,8.4,77,"531,389",$0.71M
75,Memento,2000,113,8.4,80,"1,152,115",$25.54M
76,Mononoke-hime,1997,134,8.4,76,"355,963",$2.38M
77,Once Upon a Time in America,1984,229,8.4,^^,"320,676",$5.32M
78,Raiders of the Lost Ark,1981,115,8.4,85,"903,653",$248.16M
79,The Shining,1980,146,8.4,66,"925,400",$44.02M
80,Apocalypse Now,1979,147,8.4,94,"621,020",$83.47M
81,Alien,1979,117,8.4,89,"809,165",$78.90M
82,Tengoku to jigoku,1963,143,8.4,^^,"37,369",^^
83,Dr. Strangelove or: How I Learned to Stop Worrying and Love the Bomb,1964,95,8.4,97,"460,048",$0.28M
84,Witness for the Prosecution,1957,116,8.4,^^,"113,004",$8.18M
85,Paths of Glory,1957,88,8.4,90,"183,347",^^
86,Sunset Blvd.,1950,110,8.4,^^,"206,803",^^
87,The Great Dictator,1940,125,8.4,^^,"208,191",$0.29M
88,Chhichhore,2019,143,8.3,^^,"39,383",$0.90M
89,1917,2019,119,8.3,78,"471,385",$159.23M
90,Tumbbad,2018,104,8.3,^^,"33,945",^^
91,K.G.F: Chapter 1,2018,156,8.3,^^,"42,876",^^
92,Drishyam,2013,160,8.3,^^,"36,811",^^
93,Jagten,2012,115,8.3,77,"296,029",$0.69M
94,Jodaeiye Nader az Simin,2011,123,8.3,95,"226,824",$7.10M
95,Incendies,2010,131,8.3,80,"157,472",$6.86M
96,The Father,I 2020,97,8.3,88,"77,742",^^
97,Babam ve Oglum,2005,112,8.3,^^,"81,542",^^
98,Inglourious Basterds,2009,153,8.3,69,"1,309,165",$120.54M
99,Eternal Sunshine of the Spotless Mind,2004,108,8.3,89,"934,037",$34.40M
100,Le fabuleux destin d'Amélie Poulain,2001,122,8.3,69,"716,940",$33.23M
101,Snatch,2000,104,8.3,55,"799,570",$30.33M
102,Requiem for a Dream,2000,102,8.3,68,"784,806",$3.64M
103,American Beauty,1999,122,8.3,84,"1,090,714",$130.10M
104,Good Will Hunting,1997,126,8.3,70,"886,365",$138.43M
105,Bacheha-Ye aseman,1997,89,8.3,77,"68,162",$0.93M
106,Toy Story,1995,81,8.3,95,"911,513",$191.80M
107,Braveheart,1995,178,8.3,68,"977,717",$75.60M
108,Reservoir Dogs,1992,99,8.3,79,"941,984",$2.83M
109,Full Metal Jacket,1987,116,8.3,76,"690,359",$46.36M
110,Idi i smotri,1985,142,8.3,^^,"64,454",^^
111,Aliens,1986,137,8.3,84,"667,154",$85.16M
112,Amadeus,1984,160,8.3,88,"377,058",$51.97M
113,Scarface,1983,170,8.3,65,"765,232",$45.60M
114,Star Wars: Episode VI - Return of the Jedi,1983,131,8.3,58,"971,827",$309.13M
115,Das Boot,1981,149,8.3,86,"236,906",$11.49M
116,Taxi Driver,1976,114,8.3,94,"747,476",$28.26M
117,The Sting,1973,129,8.3,83,"246,956",$159.60M
118,A Clockwork Orange,1971,136,8.3,77,"774,157",$6.21M
119,Anand,1971,122,8.3,^^,"32,068",^^
120,2001: A Space Odyssey,1968,149,8.3,84,"618,650",$56.95M
121,To Kill a Mockingbird,1962,129,8.3,88,"299,100",^^
122,Lawrence of Arabia,1962,228,8.3,100,"274,198",$44.82M
123,The Apartment,1960,125,8.3,94,"168,709",$18.60M
124,North by Northwest,1959,136,8.3,98,"305,908",$13.28M
125,Vertigo,1958,128,8.3,100,"373,979",$3.20M
126,Singin' in the Rain,1952,103,8.3,99,"224,622",$8.82M
127,Ikiru,1952,143,8.3,^^,"71,262",$0.06M
128,Ladri di biciclette,1948,89,8.3,^^,"151,148",$0.33M
129,Double Indemnity,1944,107,8.3,95,"147,061",$5.72M
130,Citizen Kane,1941,119,8.3,100,"414,951",$1.59M
131,M - Eine Stadt sucht einen Mörder,1931,117,8.3,^^,"147,345",$0.03M
132,Metropolis,1927,153,8.3,98,"163,664",$1.24M
133,The Kid,1921,68,8.3,^^,"117,246",$5.45M
134,Uri: The Surgical Strike,2018,138,8.2,^^,"46,539",$4.19M
135,Andhadhun,2018,139,8.2,^^,"78,903",$1.37M
136,Green Book,2018,130,8.2,69,"412,138",$85.08M
137,Koe no katachi,2016,130,8.2,78,"57,694",^^
138,Talvar,2015,132,8.2,^^,"32,506",$0.34M
139,Baahubali 2: The Conclusion,2017,167,8.2,^^,"79,081",$20.19M
140,Klaus,2019,96,8.2,65,"115,145",^^
141,Masaan,2015,109,8.2,^^,"25,101",^^
142,Drishyam,2015,163,8.2,^^,"74,781",$0.74M
143,Queen,2013,146,8.2,^^,"62,025",$1.43M
144,Mandariinid,2013,87,8.2,73,"42,914",$0.14M
145,Bhaag Milkha Bhaag,2013,186,8.2,^^,"63,207",$1.63M
146,Gangs of Wasseypur,2012,321,8.2,89,"87,119",^^
147,Udaan,2010,134,8.2,^^,"43,325",$0.01M
148,Paan Singh Tomar,2012,135,8.2,^^,"34,324",$0.04M
149,Zindagi Na Milegi Dobara,2011,155,8.2,^^,"70,803",$3.11M
150,El secreto de sus ojos,2009,129,8.2,80,"198,128",$6.39M
151,Shutter Island,2010,138,8.2,63,"1,172,338",$128.01M
152,Up,2009,96,8.2,88,"960,685",$293.00M
153,Miracle in Cell No. 7,2019,132,8.2,^^,"40,545",^^
154,Article 15,2019,130,8.2,^^,"26,109",^^
155,The Wolf of Wall Street,2013,180,8.2,75,"1,236,918",$116.90M
156,Chak De! India,2007,153,8.2,68,"76,069",$1.11M
157,There Will Be Blood,2007,158,8.2,93,"534,489",$40.22M
158,Pan's Labyrinth,2006,118,8.2,98,"630,935",$37.63M
159,Toy Story 3,2010,103,8.2,92,"774,970",$415.00M
160,Black,2005,122,8.2,^^,"33,850",$0.73M
161,Batman Begins,2005,140,8.2,70,"1,340,979",$206.85M
162,"Swades: We, the People",2004,210,8.2,^^,"85,650",$1.22M
163,Der Untergang,2004,156,8.2,82,"337,692",$5.51M
164,Hauru no ugoku shiro,2004,119,8.2,80,"349,120",$4.71M
165,A Beautiful Mind,2001,135,8.2,72,"870,073",$170.74M
166,Hera Pheri,2000,156,8.2,^^,"59,934",^^
167,"Lock, Stock and Two Smoking Barrels",1998,107,8.2,66,"546,998",$3.90M
168,L.A. Confidential,1997,138,8.2,90,"543,602",$64.62M
169,Eskiya,1996,128,8.2,^^,"66,352",^^
170,Heat,1995,170,8.2,76,"594,830",$67.44M
171,Casino,1995,178,8.2,73,"479,743",$42.44M
172,Unforgiven,1992,130,8.2,85,"384,797",$101.16M
173,Indiana Jones and the Last Crusade,1989,127,8.2,65,"706,590",$197.17M
174,Dom za vesanje,1988,142,8.2,^^,"28,575",$0.28M
175,Tonari no Totoro,1988,86,8.2,86,"303,711",$1.11M
176,Die Hard,1988,132,8.2,72,"808,901",$83.01M
177,Ran,1985,162,8.2,96,"116,368",$4.14M
178,Raging Bull,1980,129,8.2,89,"329,311",$23.38M
179,Höstsonaten,1978,99,8.2,^^,"29,479",^^
180,The Message,1976,177,8.2,^^,"44,954",^^
181,Sholay,1975,204,8.2,^^,"52,701",^^
182,Monty Python and the Holy Grail,1975,91,8.2,91,"510,145",$1.23M
183,Chinatown,1974,130,8.2,92,"302,863",$8.49M
184,Per qualche dollaro in più,1965,132,8.2,74,"238,456",$15.00M
185,The Great Escape,1963,172,8.2,86,"229,996",$12.10M
186,Yojinbo,1961,110,8.2,^^,"114,442",^^
187,Judgment at Nuremberg,1961,179,8.2,60,"71,756",^^
188,Some Like It Hot,1959,121,8.2,98,"249,483",$25.00M
189,Smultronstället,1957,91,8.2,88,"99,502",^^
190,Det sjunde inseglet,1957,96,8.2,88,"170,388",^^
191,Dial M for Murder,1954,105,8.2,75,"162,959",$0.01M
192,Tôkyô monogatari,1953,136,8.2,^^,"55,602",^^
193,Rashomon,1950,88,8.2,98,"156,805",$0.10M
194,All About Eve,1950,138,8.2,98,"123,394",$0.01M
195,The Treasure of the Sierra Madre,1948,126,8.2,98,"117,010",$5.01M
196,To Be or Not to Be,1942,99,8.2,86,"32,121",^^
197,The Gold Rush,1925,95,8.2,^^,"103,964",$5.45M
198,Sherlock Jr.,1924,45,8.2,^^,"44,141",$0.98M
199,Portrait de la jeune fille en feu,2019,122,8.1,95,"73,183",$3.76M
200,Pink,III 2016,136,8.1,^^,"41,279",$1.24M
201,"Three Billboards Outside Ebbing, Missouri",2017,115,8.1,88,"454,864",$54.51M
202,Contratiempo,2016,106,8.1,^^,"155,614",^^
203,Ah-ga-ssi,2016,145,8.1,84,"123,076",$2.01M
204,Mommy,I 2014,139,8.1,74,"52,689",$3.49M
205,Haider,2014,160,8.1,^^,"51,570",$0.90M
206,Logan,2017,137,8.1,77,"673,040",$226.28M
207,Room,I 2015,118,8.1,86,"385,468",$14.68M
208,Relatos salvajes,2014,122,8.1,77,"183,563",$3.11M
209,Soul,2020,100,8.1,83,"260,033",^^
210,Kis Uykusu,2014,196,8.1,88,"48,391",$0.17M
211,PK,2014,153,8.1,^^,"168,945",$10.62M
212,OMG: Oh My God!,2012,125,8.1,^^,"53,741",$0.92M
213,The Grand Budapest Hotel,2014,99,8.1,88,"732,701",$59.10M
214,Gone Girl,2014,149,8.1,79,"891,254",$167.77M
215,Ôkami kodomo no Ame to Yuki,2012,117,8.1,71,"40,566",^^
216,Hacksaw Ridge,2016,139,8.1,71,"456,334",$67.21M
217,Inside Out,I 2015,95,8.1,94,"640,214",$356.46M
218,Barfi!,2012,151,8.1,^^,"77,662",$2.80M
219,12 Years a Slave,2013,134,8.1,96,"656,502",$56.67M
220,Rush,I 2013,123,8.1,74,"445,893",$26.95M
221,Ford v Ferrari,2019,152,8.1,81,"321,324",$117.62M
222,Spotlight,I 2015,129,8.1,93,"434,214",$45.06M
223,Song of the Sea,2014,93,8.1,85,"54,076",$0.86M
224,Kahaani,2012,122,8.1,^^,"59,329",$1.04M
225,Prisoners,2013,153,8.1,70,"623,788",$61.00M
226,Mad Max: Fury Road,2015,120,8.1,90,"910,764",$154.06M
227,Warrior,2011,140,8.1,71,"444,653",$13.66M
228,A Wednesday,2008,104,8.1,^^,"75,313",^^
229,Zack Snyder's Justice League,2021,242,8.1,54,"311,570",^^
230,Gran Torino,2008,116,8.1,72,"733,490",$148.10M
231,Harry Potter and the Deathly Hallows: Part 2,2011,130,8.1,85,"789,197",$381.01M
232,Okuribito,2008,130,8.1,68,"49,526",$1.50M
233,Hachi: A Dog's Tale,2009,93,8.1,^^,"262,132",^^
234,Mary and Max.,2009,92,8.1,^^,"168,028",^^
235,How to Train Your Dragon,2010,98,8.1,75,"683,703",$217.58M
236,Into the Wild,2007,148,8.1,73,"587,111",$18.35M
237,No Country for Old Men,2007,122,8.1,91,"884,966",$74.28M
238,V for Vendetta,2005,132,8.1,62,"1,054,132",$70.51M
239,Dare mo shiranai,2004,141,8.1,88,"25,751",$0.68M
240,Rang De Basanti,2006,167,8.1,^^,"114,763",$2.20M
241,Million Dollar Baby,2004,132,8.1,86,"649,574",$100.49M
242,Hotel Rwanda,2004,121,8.1,79,"339,974",$23.53M
243,Before Sunset,2004,80,8.1,90,"243,701",$5.82M
244,Munna Bhai M.B.B.S.,2003,156,8.1,^^,"76,165",^^
245,Salinui chueok,2003,131,8.1,82,"151,472",$0.01M
246,Dil Chahta Hai,2001,183,8.1,^^,"68,415",$0.30M
247,Kill Bill: Vol. 1,2003,111,8.1,69,"1,027,374",$70.10M
248,Finding Nemo,2003,100,8.1,90,"970,880",$380.84M
249,Catch Me If You Can,2002,141,8.1,75,"864,930",$164.62M
250,Amores perros,2000,154,8.1,83,"228,031",$5.38M
251,"Monsters, Inc.",2001,92,8.1,79,"836,695",$289.92M
252,"Shin seiki Evangelion Gekijô-ban: Air/Magokoro wo, kimi ni",1997,87,8.1,^^,"43,066",^^
253,Lagaan: Once Upon a Time in India,2001,224,8.1,84,"107,609",$0.07M
254,The Sixth Sense,1999,107,8.1,64,"929,500",$293.51M
255,Festen,1998,105,8.1,82,"80,699",$1.65M
256,La leggenda del pianista sull'oceano,1998,169,8.1,58,"60,436",$0.26M
257,The Truman Show,1998,103,8.1,90,"970,842",$125.62M
258,"Crna macka, beli macor",1998,127,8.1,73,"51,781",$0.35M
259,The Big Lebowski,1998,117,8.1,71,"752,502",$17.50M
260,Fa yeung nin wah,2000,98,8.1,85,"132,144",$2.73M
261,Trainspotting,1996,93,8.1,83,"646,875",$16.50M
262,Fargo,1996,98,8.1,85,"633,550",$24.61M
263,Underground,1995,170,8.1,79,"56,100",$0.17M
264,La haine,1995,98,8.1,^^,"156,471",$0.31M
265,Dilwale Dulhania Le Jayenge,1995,189,8.1,^^,"65,414",^^
266,Before Sunrise,1995,101,8.1,77,"281,506",$5.54M
267,Trois couleurs: Rouge,1994,99,8.1,100,"94,217",$4.04M
268,Chung Hing sam lam,1994,102,8.1,77,"68,649",$0.60M
269,Andaz Apna Apna,1994,160,8.1,^^,"50,999",^^
270,Jurassic Park,1993,127,8.1,68,"892,586",$402.45M
271,In the Name of the Father,1993,133,8.1,84,"162,840",$25.01M
272,Ba wang bie ji,1993,171,8.1,83,"25,927",$5.22M
273,Dà hóng denglong gaogao guà,1991,125,8.1,^^,"30,426",$2.60M
274,Dead Poets Society,1989,128,8.1,79,"440,955",$95.86M
275,The Princess Bride,1987,98,8.1,77,"401,401",$30.86M
276,Stand by Me,1986,89,8.1,75,"373,439",$52.29M
277,Platoon,1986,120,8.1,92,"389,138",$138.53M
278,Sacrifice,1986,149,8.1,^^,"25,619",$0.30M
279,"Paris, Texas",1984,145,8.1,78,"96,202",$2.18M
280,Kaze no tani no Naushika,1984,117,8.1,86,"156,425",$0.50M
281,The Thing,1982,109,8.1,57,"381,903",$13.78M
282,Fitzcarraldo,1982,158,8.1,^^,"32,586",^^
283,Fanny och Alexander,1982,188,8.1,100,"59,134",$4.97M
284,Blade Runner,1982,117,8.1,84,"709,798",$32.87M
285,The Elephant Man,1980,124,8.1,78,"225,556",^^
286,Stalker,1979,162,8.1,^^,"121,484",$0.23M
287,Life of Brian,1979,94,8.1,77,"375,221",$20.05M
288,The Deer Hunter,1978,183,8.1,86,"318,485",$48.98M
289,Rocky,1976,120,8.1,70,"531,884",$117.24M
290,Network,1976,121,8.1,83,"148,424",^^
291,Barry Lyndon,1975,185,8.1,89,"154,651",^^
292,Zerkalo,1975,107,8.1,80,"41,725",$0.18M
293,Paper Moon,1973,102,8.1,77,"43,429",$30.93M
294,Viskningar och rop,1972,91,8.1,^^,"31,302",$1.74M
295,Solaris,1972,167,8.1,90,"83,472",^^
296,Le samouraï,1967,105,8.1,^^,"47,114",$0.04M
297,Cool Hand Luke,1967,127,8.1,92,"165,872",$16.22M
298,Persona,1966,85,8.1,86,"107,606",^^
299,Andrei Rublev,1966,205,8.1,^^,"49,064",$0.10M
300,La battaglia di Algeri,1966,121,8.1,96,"55,065",$0.06M
301,El ángel exterminador,1962,95,8.1,^^,"30,574",^^
302,What Ever Happened to Baby Jane?,1962,134,8.1,75,"51,596",$4.05M
303,Sanjuro,1962,96,8.1,^^,"34,152",^^
304,The Man Who Shot Liberty Valance,1962,123,8.1,94,"70,941",^^
305,Ivanovo detstvo,1962,95,8.1,^^,"33,069",^^
306,Jungfrukällan,1960,89,8.1,^^,"27,404",$1.53M
307,Inherit the Wind,1960,128,8.1,75,"28,109",^^
308,Les quatre cents coups,1959,99,8.1,^^,"108,875",^^
309,Ben-Hur,1959,212,8.1,90,"224,048",$74.70M
310,Kakushi-toride no san-akunin,1958,139,8.1,^^,"36,005",^^
311,Le notti di Cabiria,1957,110,8.1,^^,"44,239",$0.75M
312,Kumonosu-jo,1957,110,8.1,^^,"48,201",^^
313,The Bridge on the River Kwai,1957,161,8.1,87,"207,897",$44.91M
314,Du rififi chez les hommes,1955,118,8.1,97,"31,029",$0.06M
315,On the Waterfront,1954,108,8.1,91,"145,457",$9.60M
316,Les diaboliques,1955,117,8.1,^^,"62,599",^^
317,Le salaire de la peur,1953,131,8.1,85,"56,375",^^
318,Ace in the Hole,1951,111,8.1,72,"32,669",$3.97M
319,White Heat,1949,114,8.1,^^,"30,553",^^
320,The Third Man,1949,104,8.1,97,"162,243",$0.45M
321,The Red Shoes,1948,135,8.1,^^,"31,939",$10.90M
322,The Best Years of Our Lives,1946,170,8.1,93,"58,483",$23.65M
323,The Shop Around the Corner,1940,99,8.1,96,"29,299",$0.20M
324,Rebecca,1940,130,8.1,86,"127,316",$4.36M
325,The Grapes of Wrath,1940,129,8.1,96,"86,862",$0.06M
326,Mr. Smith Goes to Washington,1939,129,8.1,73,"109,350",$9.60M
327,Gone with the Wind,1939,238,8.1,97,"296,138",$198.68M
328,La Grande Illusion,1937,113,8.1,^^,"34,517",$0.17M
329,It Happened One Night,1934,105,8.1,87,"96,646",$4.36M
330,All Quiet on the Western Front,1930,152,8.1,91,"58,170",$3.27M
331,La passion de Jeanne d'Arc,1928,110,8.1,^^,"49,570",$0.02M
332,The Circus,1928,72,8.1,90,"31,197",^^
333,Sunrise: A Song of Two Humans,1927,94,8.1,^^,"48,015",$0.54M
334,The General,1926,67,8.1,^^,"83,349",$1.03M
335,Das Cabinet des Dr. Caligari,1920,76,8.1,^^,"58,863",^^
336,Badhaai ho,2018,124,8,^^,"29,814",^^
337,Togo,2019,113,8,69,"41,412",^^
338,Airlift,2016,130,8,^^,"54,096",^^
339,Bajrangi Bhaijaan,2015,163,8,^^,"79,080",$8.18M
340,Baby,I 2015,159,8,^^,"54,232",^^
341,La La Land,2016,128,8,94,"526,140",$151.10M
342,Lion,2016,118,8,69,"221,244",$51.74M
343,The Martian,2015,144,8,80,"782,273",$228.43M
344,Zootopia,2016,108,8,78,"449,420",$341.27M
345,Bãhubali: The Beginning,2015,159,8,^^,"106,649",$6.74M
346,Kaguyahime no monogatari,2013,137,8,89,"41,121",$1.51M
347,Wonder,I 2017,113,8,66,"149,348",$132.42M
348,Gully Boy,2019,154,8,65,"34,194",$5.57M
349,Special Chabbis,2013,144,8,^^,"52,623",$1.08M
350,Short Term 12,2013,96,8,82,"83,745",$1.01M
351,Serbuan maut 2: Berandal,2014,150,8,71,"116,837",$2.63M
352,The Imitation Game,2014,114,8,73,"706,057",$91.13M
353,Guardians of the Galaxy,2014,121,8,76,"1,073,049",$333.18M
354,Blade Runner 2049,2017,164,8,81,"484,680",$92.05M
355,Her,2013,126,8,90,"558,118",$25.57M
356,The Revenant,2015,156,8,76,"728,063",$183.64M
357,Tropa de Elite 2: O Inimigo Agora é Outro,2010,115,8,71,"80,287",$0.10M
358,The King's Speech,2010,118,8,88,"650,714",$138.80M
359,The Help,2011,146,8,62,"435,737",$169.71M
360,Deadpool,2016,108,8,65,"930,494",$363.07M
361,Darbareye Elly,2009,119,8,87,"47,836",$0.11M
362,Dev.D,2009,144,8,^^,"29,394",$0.01M
363,Ip Man,2008,106,8,59,"214,675",^^
364,My Name Is Khan,2010,165,8,50,"101,332",$4.02M
365,Vals Im Bashir,2008,90,8,91,"55,840",$2.28M
366,Nefes: Vatan Sagolsun,2009,128,8,^^,"32,421",^^
367,Slumdog Millionaire,2008,120,8,84,"811,313",$141.32M
368,Black Swan,2010,108,8,79,"714,929",$106.95M
369,Tropa de Elite,2007,115,8,33,"99,662",$0.01M
370,The Avengers,2012,143,8,69,"1,290,076",$623.28M
371,Persepolis,2007,96,8,90,"90,420",$4.45M
372,Dallas Buyers Club,2013,117,8,80,"454,288",$27.30M
373,Lage Raho Munna Bhai,2006,144,8,^^,"44,271",$2.22M
374,The Pursuit of Happyness,2006,117,8,64,"464,298",$163.57M
375,Blood Diamond,2006,143,8,64,"510,740",$57.37M
376,The Bourne Ultimatum,2007,115,8,85,"611,816",$227.47M
377,Bin-jip,2004,88,8,72,"52,101",$0.24M
378,Sin City,2005,124,8,74,"744,635",$74.10M
379,Le scaphandre et le papillon,2007,112,8,92,"104,470",$5.99M
380,Taegukgi hwinalrimyeo,2004,140,8,64,"38,289",$1.11M
381,G.O.R.A.,2004,127,8,^^,"58,859",^^
382,Ratatouille,2007,111,8,96,"659,354",$206.45M
383,Casino Royale,2006,144,8,80,"593,204",$167.45M
384,Kill Bill: Vol. 2,2004,137,8,83,"700,593",$66.21M
385,Vozvrashchenie,2003,110,8,82,"43,583",$0.50M
386,Bom yeoreum gaeul gyeoul geurigo bom,2003,103,8,85,"78,996",$2.38M
387,Mar adentro,I 2004,126,8,74,"78,788",$2.09M
388,Cinderella Man,2005,144,8,69,"179,183",$61.65M
389,Mou gaan dou,2002,101,8,75,"119,494",$0.17M
390,Pirates of the Caribbean: The Curse of the Black Pearl,2003,143,8,63,"1,032,601",$305.41M
391,Big Fish,2003,125,8,58,"422,029",$66.26M
392,The Incredibles,2004,115,8,90,"671,808",$261.44M
393,Yeopgijeogin geunyeo,2001,137,8,^^,"46,108",^^
394,Dogville,2003,178,8,60,"140,583",$1.53M
395,Vizontele,2001,110,8,^^,"34,671",^^
396,Donnie Darko,2001,113,8,88,"754,302",$1.48M
397,Magnolia,1999,188,8,77,"294,513",$22.46M
398,Dancer in the Dark,2000,140,8,61,"104,521",$4.18M
399,The Straight Story,1999,112,8,86,"83,955",$6.20M
400,Pâfekuto burû,1997,81,8,^^,"62,909",$0.78M
401,Central do Brasil,1998,110,8,80,"37,377",$5.60M
402,The Iron Giant,1999,86,8,85,"177,005",$23.16M
403,Sling Blade,1996,135,8,84,"88,728",$24.48M
404,Secrets & Lies,1996,136,8,91,"39,052",$13.42M
405,Twelve Monkeys,1995,129,8,74,"589,048",$57.14M
406,Kôkaku Kidôtai,1995,83,8,76,"133,230",$0.52M
407,The Nightmare Before Christmas,1993,76,8,82,"305,601",$75.08M
408,Groundhog Day,1993,101,8,72,"588,990",$70.91M
409,Bound by Honor,1993,180,8,47,"29,418",$4.50M
410,Scent of a Woman,1992,156,8,59,"273,795",$63.90M
411,Aladdin,1992,90,8,86,"381,655",$217.35M
412,JFK,1991,189,8,72,"145,652",$70.41M
413,Beauty and the Beast,1991,84,8,95,"423,755",$218.97M
414,Dances with Wolves,1990,181,8,72,"246,910",$184.21M
415,Do the Right Thing,1989,120,8,93,"93,671",$27.55M
416,Rain Man,1988,133,8,65,"483,017",$178.80M
417,Akira,1988,124,8,^^,"170,281",$0.55M
418,Der Himmel über Berlin,1987,128,8,79,"66,512",$3.33M
419,Au revoir les enfants,1987,104,8,88,"31,999",$4.54M
420,Tenkû no shiro Rapyuta,1986,125,8,78,"154,489",^^
421,The Terminator,1984,107,8,84,"811,096",$38.40M
422,Pink Floyd: The Wall,1982,95,8,47,"77,468",$22.24M
423,Gandhi,1982,191,8,79,"220,415",$52.77M
424,Kagemusha,1980,180,8,84,"33,176",^^
425,Being There,1979,130,8,83,"67,304",$30.18M
426,Annie Hall,1977,93,8,92,"255,316",$39.20M
427,All the President's Men,1976,138,8,84,"106,242",$70.60M
428,Jaws,1975,124,8,87,"554,853",$260.00M
429,Dog Day Afternoon,1975,125,8,86,"240,972",$50.00M
430,Young Frankenstein,1974,106,8,80,"146,345",$86.30M
431,Papillon,1973,151,8,58,"124,405",$53.27M
432,The Exorcist,1973,122,8,81,"369,549",$232.91M
433,Sleuth,1972,138,8,^^,"45,472",$4.08M
434,The Last Picture Show,1971,118,8,93,"43,935",$29.13M
435,Fiddler on the Roof,1971,181,8,67,"40,515",$80.50M
436,Il conformista,1970,113,8,100,"28,140",$0.54M
437,Butch Cassidy and the Sundance Kid,1969,110,8,66,"205,000",$102.31M
438,Rosemary's Baby,1968,137,8,96,"199,920",^^
439,Planet of the Apes,1968,112,8,79,"168,333",$33.40M
440,The Graduate,1967,106,8,83,"258,014",$104.95M
441,Who's Afraid of Virginia Woolf?,1966,131,8,75,"70,376",^^
442,The Sound of Music,1965,172,8,63,"211,846",$163.21M
443,Doctor Zhivago,1965,197,8,69,"71,517",$111.72M
444,Per un pugno di dollari,1964,99,8,65,"202,653",$14.50M
445,8½,1963,138,8,91,"111,488",$0.05M
446,Vivre sa vie: Film en douze tableaux,1962,80,8,^^,"29,257",^^
447,The Hustler,1961,134,8,90,"76,502",$8.28M
448,La dolce vita,1960,174,8,95,"68,492",$19.52M
449,Rio Bravo,1959,141,8,93,"57,834",$12.54M
450,Anatomy of a Murder,1959,161,8,95,"61,532",$11.90M
451,Touch of Evil,1958,95,8,99,"100,000",$2.24M
452,Cat on a Hot Tin Roof,1958,108,8,84,"46,461",$17.57M
453,Sweet Smell of Success,1957,96,8,100,"29,126",^^
454,The Killing,1956,84,8,91,"83,570",^^
455,The Night of the Hunter,1955,92,8,99,"83,947",$0.65M
456,La Strada,1954,108,8,^^,"59,577",^^
457,Stalag 17,1953,120,8,84,"51,738",^^
458,Roman Holiday,1953,118,8,78,"130,098",^^
459,High Noon,1952,85,8,89,"99,122",$9.45M
460,A Streetcar Named Desire,1951,122,8,97,"101,124",$8.00M
461,Strangers on a Train,1951,101,8,88,"125,685",$7.63M
462,In a Lonely Place,1950,94,8,^^,"28,011",^^
463,Kind Hearts and Coronets,1949,106,8,^^,"35,192",^^
464,Rope,1948,80,8,73,"133,262",^^
465,Out of the Past,1947,97,8,^^,"33,811",^^
466,Notorious,1946,102,8,100,"94,192",$10.46M
467,Brief Encounter,1945,86,8,92,"36,996",^^
468,Laura,1944,88,8,^^,"43,760",$4.36M
469,Arsenic and Old Lace,1943,118,8,^^,"66,194",^^
470,The Maltese Falcon,1941,100,8,96,"151,286",$2.11M
471,The Wizard of Oz,1939,102,8,92,"375,902",$2.08M
472,La règle du jeu,1939,110,8,^^,"27,297",^^
473,The Thin Man,1934,91,8,86,"27,401",^^
474,Bronenosets Potemkin,1925,75,8,97,"54,338",$0.05M
475,Knives Out,2019,130,7.9,82,"503,269",$165.36M
476,Manbiki kazoku,2018,121,7.9,93,"67,378",$3.31M
477,Marriage Story,2019,137,7.9,94,"263,727",$2.00M
478,Call Me by Your Name,2017,132,7.9,93,"227,643",$18.10M
479,"I, Daniel Blake",2016,100,7.9,78,"56,012",$0.26M
480,Isle of Dogs,2018,101,7.9,82,"146,824",$32.02M
481,Hunt for the Wilderpeople,2016,101,7.9,81,"117,280",$5.20M
482,M.S. Dhoni: The Untold Story,2016,184,7.9,^^,"44,288",$1.78M
483,Captain Fantastic,2016,118,7.9,72,"200,556",$5.88M
484,Sing Street,2016,106,7.9,79,"87,596",$3.24M
485,Thor: Ragnarok,2017,130,7.9,74,"625,088",$315.06M
486,Jojo Rabbit,2019,108,7.9,58,"326,587",$0.35M
487,Arrival,II 2016,116,7.9,81,"619,752",$100.55M
488,Before Midnight,2013,109,7.9,94,"146,099",$8.11M
489,X-Men: Days of Future Past,2014,132,7.9,75,"672,285",$233.92M
490,Bir Zamanlar Anadolu'da,2011,157,7.9,82,"43,637",$0.14M
491,Bohemian Rhapsody,2018,134,7.9,49,"475,159",$216.43M
492,The Perks of Being a Wallflower,2012,103,7.9,67,"474,641",$17.74M
493,The Artist,I 2011,100,7.9,89,"233,863",$44.67M
494,Edge of Tomorrow,2014,113,7.9,71,"618,743",$100.21M
495,Amour,2012,127,7.9,94,"95,245",$6.74M
496,Un prophète,2009,155,7.9,90,"95,191",$2.08M
497,Låt den rätte komma in,2008,114,7.9,82,"208,259",$2.12M
498,District 9,2009,112,7.9,81,"647,640",$115.65M
499,The Wrestler,2008,109,7.9,80,"293,478",$26.24M
500,Jab We Met,2007,138,7.9,^^,"49,275",$0.41M
501,Boyhood,I 2014,165,7.9,100,"341,194",$25.38M
502,"4 luni, 3 saptamâni si 2 zile",2007,113,7.9,97,"57,688",$1.19M
503,Star Trek,2009,127,7.9,82,"584,033",$257.73M
504,In Bruges,2008,107,7.9,67,"397,685",$7.76M
505,The Man from Earth,2007,87,7.9,^^,"177,884",^^
506,Letters from Iwo Jima,2006,141,7.9,89,"156,125",$13.76M
507,The Fall,2006,117,7.9,64,"108,616",$2.28M
508,Life of Pi,2012,127,7.9,79,"593,057",$124.99M
509,Fantastic Mr. Fox,2009,87,7.9,83,"207,989",$21.00M
510,C.R.A.Z.Y.,2005,129,7.9,81,"31,732",^^
511,Les choristes,2004,97,7.9,56,"58,785",$3.64M
512,Iron Man,2008,126,7.9,79,"966,980",$318.41M
513,Shaun of the Dead,2004,99,7.9,76,"523,996",$13.54M
514,Kal Ho Naa Ho,2003,186,7.9,54,"65,267",$1.79M
515,Gegen die Wand,2004,121,7.9,78,"52,186",^^
516,Mystic River,2003,138,7.9,84,"429,449",$90.14M
517,Harry Potter and the Prisoner of Azkaban,2004,142,7.9,82,"569,268",$249.36M
518,Ying xiong,2002,120,7.9,85,"175,840",$53.71M
519,Hable con ella,2002,112,7.9,86,"106,211",$9.28M
520,No Man's Land,I 2001,98,7.9,84,"45,405",$1.06M
521,Cowboy Bebop: Tengoku no tobira,2001,115,7.9,61,"44,118",$1.00M
522,The Bourne Identity,2002,119,7.9,68,"518,535",$121.66M
523,Nueve reinas,2000,114,7.9,80,"50,710",$1.22M
524,Children of Men,2006,109,7.9,84,"473,849",$35.55M
525,Todo sobre mi madre,1999,101,7.9,87,"91,392",$8.26M
526,Almost Famous,2000,122,7.9,90,"259,800",$32.53M
527,Mulholland Dr.,2001,147,7.9,85,"330,927",$7.22M
528,Shrek,2001,90,7.9,84,"629,361",$267.67M
529,Toy Story 2,1999,92,7.9,88,"539,269",$245.85M
530,Knockin' on Heaven's Door,1997,87,7.9,^^,"28,369",$0.00M
531,Boogie Nights,1997,155,7.9,85,"245,530",$26.40M
532,Mimi wo sumaseba,1995,111,7.9,75,"55,182",^^
533,Once Were Warriors,1994,102,7.9,77,"32,176",$2.20M
534,True Romance,1993,119,7.9,59,"211,937",$12.28M
535,Trois couleurs: Bleu,1993,94,7.9,85,"93,177",$1.32M
536,Jûbê ninpûchô,1993,94,7.9,^^,"35,354",^^
537,Carlito's Way,1993,144,7.9,65,"205,582",$36.95M
538,Edward Scissorhands,1990,105,7.9,74,"455,509",$56.36M
539,My Left Foot: The Story of Christy Brown,1989,103,7.9,97,"70,067",$14.74M
540,Majo no takkyûbin,1989,103,7.9,83,"129,810",^^
541,Crimes and Misdemeanors,1989,104,7.9,77,"55,702",$18.25M
542,The Untouchables,1987,119,7.9,79,"289,191",$76.27M
543,Hannah and Her Sisters,1986,107,7.9,90,"68,461",$40.08M
544,Brazil,1985,132,7.9,84,"191,182",$9.93M
545,This Is Spinal Tap,1984,82,7.9,92,"131,659",$0.19M
546,A Christmas Story,1983,93,7.9,77,"134,160",$20.61M
547,The Blues Brothers,1980,133,7.9,60,"187,488",$57.23M
548,Manhattan,1979,96,7.9,83,"133,545",$45.70M
549,All That Jazz,1979,123,7.9,72,"29,046",$37.82M
550,Dawn of the Dead,1978,127,7.9,71,"113,847",$5.10M
551,La montaña sagrada,1973,114,7.9,76,"38,902",$0.06M
552,Amarcord,1973,123,7.9,^^,"40,886",$0.58M
553,Le charme discret de la bourgeoisie,1972,102,7.9,93,"39,972",$0.20M
554,"Aguirre, der Zorn Gottes",1972,95,7.9,^^,"53,698",^^
555,Harold and Maude,1971,91,7.9,62,"72,325",^^
556,Patton,1970,172,7.9,91,"95,390",$61.70M
557,The Wild Bunch,1969,145,7.9,97,"78,967",$12.06M
558,Night of the Living Dead,1968,96,7.9,89,"119,546",$0.09M
559,The Lion in Winter,1968,134,7.9,^^,"29,583",$22.28M
560,In the Heat of the Night,1967,110,7.9,75,"69,554",$24.38M
561,Charade,1963,113,7.9,83,"71,387",$13.47M
562,The Manchurian Candidate,1962,126,7.9,94,"72,377",^^
563,Spartacus,1960,197,7.9,87,"126,643",$30.00M
564,L'avventura,1960,144,7.9,^^,"27,420",^^
565,Hiroshima mon amour,1959,90,7.9,^^,"29,414",$0.09M
566,The Ten Commandments,1956,220,7.9,^^,"66,060",$93.74M
567,The Searchers,1956,119,7.9,94,"82,402",^^
568,East of Eden,1955,118,7.9,72,"41,499",^^
569,Harvey,1950,104,7.9,^^,"53,217",^^
570,Miracle on 34th Street,1947,96,7.9,88,"42,171",$2.65M
571,The Big Sleep,1946,114,7.9,^^,"79,998",$6.54M
572,The Lost Weekend,1945,101,7.9,^^,"34,393",$9.46M
573,The Philadelphia Story,1940,112,7.9,96,"64,957",^^
574,His Girl Friday,1940,92,7.9,^^,"54,924",$0.30M
575,Stagecoach,1939,96,7.9,93,"45,130",^^
576,Bringing Up Baby,1938,102,7.9,91,"56,466",^^
577,The Adventures of Robin Hood,1938,102,7.9,97,"48,086",$3.98M
578,A Night at the Opera,1935,96,7.9,^^,"31,164",$2.54M
579,King Kong,1933,100,7.9,90,"80,986",$10.00M
580,Freaks,1932,64,7.9,80,"42,959",^^
581,Nosferatu,1922,94,7.9,^^,"90,516",^^
582,The Gentlemen,2019,113,7.8,51,"270,757",^^
583,Raazi,2018,138,7.8,^^,"26,789",^^
584,Sound of Metal,2019,120,7.8,82,"96,197",^^
585,Forushande,2016,124,7.8,85,"53,558",$2.40M
586,Dunkirk,2017,106,7.8,94,"580,741",$188.37M
587,Perfetti sconosciuti,2016,96,7.8,^^,"59,481",^^
588,Hidden Figures,2016,127,7.8,74,"208,599",$169.61M
589,Paddington 2,2017,103,7.8,88,"65,841",$40.44M
590,Udta Punjab,2016,148,7.8,^^,"28,169",^^
591,Kubo and the Two Strings,2016,101,7.8,84,"121,131",$48.02M
592,Manchester by the Sea,2016,137,7.8,96,"256,459",$47.70M
593,Under sandet,2015,100,7.8,75,"37,455",$0.44M
594,Rogue One,2016,133,7.8,65,"571,504",$532.18M
595,Captain America: Civil War,2016,147,7.8,75,"692,513",$408.08M
596,The Hateful Eight,2015,168,7.8,68,"537,739",$54.12M
597,Little Women,2019,135,7.8,91,"157,791",$108.10M
598,Loving Vincent,2017,94,7.8,62,"52,881",$6.74M
599,Pride,I 2014,119,7.8,79,"53,371",^^
600,Nightcrawler,2014,117,7.8,76,"485,023",$32.38M
601,Star Wars: Episode VII - The Force Awakens,2015,138,7.8,80,"875,403",$936.66M
602,La grande bellezza,2013,141,7.8,86,"83,187",$2.85M
603,The Lunchbox,2013,104,7.8,76,"52,398",$4.23M
604,Vicky Donor,2012,126,7.8,^^,"40,747",$0.17M
605,Big Hero 6,2014,102,7.8,74,"422,460",$222.53M
606,Kai po che!,2013,130,7.8,40,"34,260",$1.12M
607,About Time,I 2013,123,7.8,55,"316,350",$15.32M
608,English Vinglish,2012,134,7.8,^^,"34,407",$1.67M
609,Kaze tachinu,2013,126,7.8,83,"77,100",$5.21M
610,La migliore offerta,2013,131,7.8,49,"111,664",$0.09M
611,Moonrise Kingdom,2012,94,7.8,84,"327,014",$45.51M
612,How to Train Your Dragon 2,2014,102,7.8,76,"312,624",$177.00M
613,The Big Short,2015,130,7.8,81,"380,317",$70.26M
614,Ang-ma-reul bo-at-da,2010,144,7.8,67,"116,526",$0.13M
615,The Girl with the Dragon Tattoo,2011,158,7.8,71,"434,026",$102.52M
616,Captain Phillips,2013,134,7.8,82,"431,727",$107.10M
617,Ajeossi,2010,119,7.8,^^,"64,997",$0.01M
618,Straight Outta Compton,2015,147,7.8,72,"185,040",$161.20M
619,The Irishman,2019,209,7.8,94,"342,845",$7.00M
620,Madeo,2009,129,7.8,79,"56,310",$0.55M
621,Chugyeokja,2008,125,7.8,64,"60,684",^^
622,Moon,2009,97,7.8,67,"341,515",$5.01M
623,The Hobbit: The Desolation of Smaug,2013,161,7.8,66,"613,817",$258.37M
624,Das weiße Band - Eine deutsche Kindergeschichte,2009,144,7.8,82,"70,031",$2.22M
625,Män som hatar kvinnor,2009,152,7.8,76,"211,074",$10.10M
626,The Trial of the Chicago 7,2020,129,7.8,76,"150,975",^^
627,Druk,2020,117,7.8,79,"90,050",^^
628,The Fighter,I 2010,116,7.8,79,"347,463",$93.62M
629,Taken,I 2008,90,7.8,51,"574,303",$145.00M
630,The Boy in the Striped Pyjamas,2008,94,7.8,55,"196,200",$9.03M
631,Once,I 2007,86,7.8,88,"112,194",$9.44M
632,The Hobbit: An Unexpected Journey,2012,169,7.8,58,"771,595",$303.00M
633,Auf der anderen Seite,2007,122,7.8,85,"31,197",$0.74M
634,Atonement,2007,123,7.8,85,"258,570",$50.93M
635,Drive,I 2011,100,7.8,78,"586,448",$35.06M
636,American Gangster,2007,157,7.8,76,"400,999",$130.16M
637,Avatar,2009,162,7.8,83,"1,142,640",$760.51M
638,Mr. Nobody,2009,141,7.8,63,"221,299",$0.00M
639,Apocalypto,2006,139,7.8,68,"296,337",$50.87M
640,Little Miss Sunshine,2006,101,7.8,80,"449,273",$59.89M
641,Hot Fuzz,2007,121,7.8,81,"475,380",$23.64M
642,The Curious Case of Benjamin Button,2008,166,7.8,70,"604,823",$127.51M
643,Veer-Zaara,2004,192,7.8,67,"50,296",$2.92M
644,Adams æbler,2005,94,7.8,51,"47,277",$0.00M
645,Pride & Prejudice,2005,129,7.8,82,"268,458",$38.41M
646,The World's Fastest Indian,2005,127,7.8,68,"52,799",$5.13M
647,Tôkyô goddofâzâzu,2003,90,7.8,73,"33,333",$0.13M
648,Serenity,2005,119,7.8,74,"286,802",$25.51M
649,Walk the Line,2005,136,7.8,72,"238,418",$119.52M
650,Ondskan,2003,113,7.8,61,"36,229",$0.02M
651,The Notebook,2004,123,7.8,53,"533,538",$81.00M
652,Diarios de motocicleta,2004,126,7.8,75,"98,210",$16.76M
653,Lilja 4-ever,2002,109,7.8,82,"43,483",$0.18M
654,Les triplettes de Belleville,2003,80,7.8,91,"51,342",$7.00M
655,Gongdong gyeongbi guyeok JSA,2000,110,7.8,58,"27,593",^^
656,Waking Life,2001,99,7.8,83,"61,665",$2.89M
657,Remember the Titans,2000,113,7.8,48,"202,120",$115.65M
658,Wo hu cang long,2000,120,7.8,94,"257,633",$128.08M
659,Cast Away,2000,143,7.8,73,"541,419",$233.63M
660,The Boondock Saints,1999,108,7.8,44,"230,280",$0.03M
661,The Insider,1999,157,7.8,84,"162,684",$28.97M
662,October Sky,1999,108,7.8,71,"85,276",$32.48M
663,Titanic,1997,194,7.8,75,"1,077,748",$659.33M
664,Ta'm e guilass,1997,95,7.8,80,"25,962",$0.31M
665,Hana-bi,1997,103,7.8,^^,"28,564",$0.23M
666,Gattaca,1997,106,7.8,64,"286,446",$12.34M
667,The Game,1997,129,7.8,61,"360,275",$48.32M
668,Breaking the Waves,1996,159,7.8,76,"63,730",$4.04M
669,Ed Wood,1994,127,7.8,70,"167,454",$5.89M
670,Tombstone,1993,130,7.8,50,"131,913",$56.51M
671,The Sandlot,1993,101,7.8,55,"82,088",$32.42M
672,The Remains of the Day,1993,134,7.8,86,"68,629",$22.95M
673,Naked,1993,132,7.8,84,"35,972",$1.77M
674,The Fugitive,1993,130,7.8,87,"274,335",$183.88M
675,A Bronx Tale,1993,121,7.8,80,"131,593",$17.27M
676,Batman: Mask of the Phantasm,1993,76,7.8,^^,"45,343",$5.62M
677,Lat sau san taam,1992,128,7.8,^^,"47,643",^^
678,La double vie de Véronique,1991,98,7.8,86,"44,148",$2.00M
679,Boyz n the Hood,1991,112,7.8,76,"130,102",$57.50M
680,Misery,1990,107,7.8,75,"190,459",$61.28M
681,Awakenings,1990,121,7.8,74,"130,122",$52.10M
682,Glory,1989,122,7.8,78,"126,317",$26.83M
683,Dip huet seung hung,1989,111,7.8,82,"46,319",^^
684,Back to the Future Part II,1989,108,7.8,57,"493,789",$118.50M
685,Mississippi Burning,1988,128,7.8,65,"91,229",$34.60M
686,Predator,1987,107,7.8,45,"380,765",$59.74M
687,Ferris Bueller's Day Off,1986,103,7.8,61,"329,323",$70.14M
688,The Goonies,1985,114,7.8,62,"251,155",$61.50M
689,The Color Purple,1985,154,7.8,78,"80,859",$98.47M
690,The Breakfast Club,1985,97,7.8,66,"366,570",$45.88M
691,The Killing Fields,1984,141,7.8,76,"52,726",$34.70M
692,Ghostbusters,1984,105,7.8,71,"364,618",$238.63M
693,The Right Stuff,1983,193,7.8,91,"57,226",$21.50M
694,The King of Comedy,1982,109,7.8,73,"93,980",$2.50M
695,E.T. the Extra-Terrestrial,1982,115,7.8,91,"380,744",$435.11M
696,Kramer vs. Kramer,1979,105,7.8,77,"137,044",$106.26M
697,Days of Heaven,1978,94,7.8,93,"54,432",^^
698,The Outlaw Josey Wales,1976,135,7.8,69,"67,877",$31.80M
699,The Man Who Would Be King,1975,129,7.8,91,"46,135",^^
700,The Conversation,1974,113,7.8,85,"102,342",$4.42M
701,La planète sauvage,1973,72,7.8,73,"27,132",$0.19M
702,The Day of the Jackal,1973,143,7.8,80,"38,402",$16.06M
703,Badlands,1973,94,7.8,93,"68,228",^^
704,Cabaret,1972,124,7.8,80,"49,533",$42.77M
705,Willy Wonka & the Chocolate Factory,1971,100,7.8,67,"183,620",$4.00M
706,Midnight Cowboy,1969,113,7.8,79,"103,446",$44.79M
707,Wait Until Dark,1967,108,7.8,81,"28,451",$17.55M
708,Guess Who's Coming to Dinner,1967,108,7.8,63,"40,940",$56.70M
709,Bonnie and Clyde,1967,111,7.8,86,"105,020",^^
710,My Fair Lady,1964,170,7.8,95,"89,007",$72.00M
711,Mary Poppins,1964,139,7.8,88,"161,325",$102.27M
712,The Longest Day,1962,178,7.8,75,"53,011",$39.10M
713,Jules et Jim,1962,105,7.8,97,"38,748",^^
714,The Innocents,1961,100,7.8,88,"27,855",$2.62M
715,À bout de souffle,1960,90,7.8,^^,"75,328",$0.34M
716,The Quiet Man,1952,129,7.8,^^,"35,886",$10.55M
717,The African Queen,1951,105,7.8,91,"73,029",$0.54M
718,Red River,1948,133,7.8,^^,"28,934",^^
719,Key Largo,1948,100,7.8,^^,"37,829",^^
720,To Have and Have Not,1944,100,7.8,90,"31,881",^^
721,Gaslight,1944,114,7.8,^^,"25,659",^^
722,Shadow of a Doubt,1943,108,7.8,94,"61,180",^^
723,The Lady Vanishes,1938,96,7.8,98,"48,827",^^
724,Bride of Frankenstein,1935,75,7.8,95,"44,416",$4.36M
725,Duck Soup,1933,69,7.8,93,"56,451",^^
726,Scarface,1932,93,7.8,87,"26,055",^^
727,Frankenstein,1931,70,7.8,91,"66,819",^^
728,The Mitchells vs the Machines,2021,113,7.7,80,"65,542",^^
729,Roma,2018,135,7.7,96,"145,648",^^
730,God's Own Country,2017,104,7.7,85,"26,939",$0.34M
731,Deadpool 2,2018,119,7.7,66,"504,211",$324.59M
732,Wind River,2017,107,7.7,73,"216,896",$33.80M
733,Get Out,I 2017,104,7.7,85,"515,762",$176.04M
734,Mission: Impossible - Fallout,2018,147,7.7,86,"302,394",$220.16M
735,En man som heter Ove,2015,116,7.7,70,"49,724",$3.36M
736,What We Do in the Shadows,2014,86,7.7,76,"163,366",$3.33M
737,Omoide no Mânî,2014,103,7.7,72,"35,136",$0.77M
738,The Theory of Everything,2014,123,7.7,72,"416,947",$35.89M
739,Kingsman: The Secret Service,2014,129,7.7,60,"606,285",$128.26M
740,The Fault in Our Stars,2014,126,7.7,69,"351,964",$124.87M
741,Me and Earl and the Dying Girl,2015,105,7.7,74,"125,791",$6.74M
742,Birdman or (The Unexpected Virtue of Ignorance),2014,119,7.7,87,"593,652",$42.34M
743,Le passé,2013,130,7.7,85,"45,885",$1.33M
744,La vie d'Adèle,2013,180,7.7,89,"142,251",$2.20M
745,The Broken Circle Breakdown,2012,111,7.7,70,"40,008",$0.18M
746,Toy Story 4,2019,100,7.7,84,"215,981",$434.04M
747,Captain America: The Winter Soldier,2014,136,7.7,70,"762,303",$259.77M
748,Rockstar,2011,159,7.7,^^,"41,072",$0.99M
749,Nebraska,2013,115,7.7,87,"114,165",$17.65M
750,Wreck-It Ralph,2012,101,7.7,72,"389,712",$189.42M
751,Le Petit Prince,2015,108,7.7,70,"58,337",$1.34M
752,Detachment,2011,98,7.7,52,"79,320",$0.07M
753,Midnight in Paris,2011,94,7.7,81,"397,195",$56.82M
754,Kokuhaku,2010,106,7.7,^^,"36,569",^^
755,The Lego Movie,2014,100,7.7,83,"330,330",$257.76M
756,Gravity,2013,91,7.7,96,"782,923",$274.09M
757,Star Trek Into Darkness,2013,132,7.7,72,"468,125",$228.78M
758,Beasts of No Nation,2015,137,7.7,79,"76,098",$0.08M
759,The Social Network,2010,120,7.7,95,"644,067",$96.96M
760,X: First Class,2011,131,7.7,65,"656,364",$146.41M
761,The Hangover,2009,100,7.7,73,"732,440",$277.32M
762,Skyfall,2012,143,7.7,81,"641,323",$304.36M
763,Silver Linings Playbook,2012,122,7.7,81,"674,007",$132.09M
764,Argo,2012,120,7.7,86,"584,332",$136.03M
765,(500) Days of Summer,2009,95,7.7,76,"482,149",$32.39M
766,Harry Potter and the Deathly Hallows: Part 1,2010,146,7.7,65,"494,245",$295.98M
767,Gake no ue no Ponyo,2008,101,7.7,86,"130,310",$15.09M
768,Frost/Nixon,2008,122,7.7,80,"104,637",$18.59M
769,Papurika,2006,90,7.7,81,"74,504",$0.88M
770,Changeling,2008,141,7.7,63,"243,824",$35.74M
771,Flipped,I 2010,90,7.7,45,"84,609",$1.75M
772,Toki o kakeru shôjo,2006,98,7.7,^^,"62,112",^^
773,Death Note: Desu nôto,2006,126,7.7,^^,"29,156",^^
774,This Is England,2006,101,7.7,86,"117,345",$0.33M
775,Ex Machina,2014,108,7.7,78,"491,799",$25.44M
776,Efter brylluppet,2006,120,7.7,78,"33,050",$0.41M
777,The Last King of Scotland,2006,123,7.7,74,"178,507",$17.61M
778,Zodiac,2007,157,7.7,78,"485,319",$33.08M
779,Lucky Number Slevin,2006,110,7.7,53,"303,197",$22.49M
780,Joyeux Noël,2005,116,7.7,70,"28,327",$1.05M
781,Control,2007,122,7.7,78,"62,565",$0.87M
782,Tangled,2010,100,7.7,71,"416,517",$200.82M
783,Zwartboek,2006,145,7.7,71,"73,812",$4.40M
784,Brokeback Mountain,2005,134,7.7,87,"333,082",$83.04M
785,3:10 to Yuma,2007,122,7.7,76,"294,656",$53.61M
786,Crash,I 2004,112,7.7,66,"424,114",$54.58M
787,Kung fu,2004,99,7.7,78,"130,360",$17.11M
788,The Bourne Supremacy,2004,108,7.7,73,"442,186",$176.24M
789,The Machinist,2004,101,7.7,61,"365,838",$1.08M
790,Ray,I 2004,152,7.7,73,"140,978",$75.33M
791,Lost in Translation,2003,102,7.7,89,"425,756",$44.59M
792,Harry Potter and the Goblet of Fire,2005,157,7.7,81,"564,896",$290.01M
793,Man on Fire,2004,146,7.7,47,"336,040",$77.91M
794,Coraline,2009,100,7.7,80,"203,962",$75.29M
795,The Last Samurai,2003,154,7.7,55,"408,510",$111.11M
796,The Magdalene Sisters,2002,114,7.7,83,"26,322",$4.89M
797,Finding Neverland,2004,106,7.7,67,"200,887",$51.68M
798,Good Bye Lenin!,2003,121,7.7,68,"140,263",$4.06M
799,In America,2002,105,7.7,76,"40,778",$15.54M
800,Adaptation.,2002,115,7.7,83,"182,332",$22.25M
801,Black Hawk Down,2001,144,7.7,74,"371,996",$108.64M
802,Road to Perdition,2002,117,7.7,72,"253,008",$104.45M
803,Das Experiment,2001,120,7.7,60,"91,705",$0.14M
804,Billy Elliot,2000,110,7.7,74,"128,944",$22.00M
805,Hedwig and the Angry Inch,2001,95,7.7,85,"32,581",$3.03M
806,The Count of Monte Cristo,2002,131,7.7,61,"131,465",$54.23M
807,Ocean's Eleven,2001,116,7.7,74,"530,402",$183.42M
808,Vampire Hunter D: Bloodlust,2000,103,7.7,62,"29,953",$0.15M
809,"O Brother, Where Art Thou?",2000,107,7.7,69,"294,736",$45.51M
810,Interstate 60: Episodes of the Road,2002,116,7.7,^^,"30,617",^^
811,"South Park: Bigger, Longer & Uncut",1999,81,7.7,73,"194,783",$52.04M
812,Office Space,1999,89,7.7,68,"248,067",$10.82M
813,Happiness,1998,134,7.7,81,"67,440",$2.81M
814,Training Day,2001,122,7.7,69,"403,013",$76.63M
815,Lola rennt,1998,81,7.7,77,"190,747",$7.27M
816,Rushmore,1998,93,7.7,86,"173,524",$17.11M
817,Abre los ojos,1997,119,7.7,^^,"65,216",$0.37M
818,Being John Malkovich,1999,113,7.7,90,"318,586",$22.86M
819,As Good as It Gets,1997,139,7.7,67,"281,846",$148.48M
820,The Fifth Element,1997,126,7.7,52,"443,533",$63.54M
821,Le dîner de cons,1998,80,7.7,73,"38,180",$4.07M
822,Donnie Brasco,1997,127,7.7,76,"287,060",$41.91M
823,Shine,1996,105,7.7,87,"52,180",$35.81M
824,Primal Fear,1996,129,7.7,47,"195,441",$56.12M
825,Hamlet,1996,242,7.7,^^,"36,505",$4.41M
826,Sense and Sensibility,1995,136,7.7,84,"105,854",$43.18M
827,A Little Princess,1995,97,7.7,83,"32,860",$10.02M
828,Do lok tin si,1995,99,7.7,71,"29,593",^^
829,Il postino,1994,108,7.7,81,"34,461",$21.85M
830,Clerks,1994,92,7.7,70,"214,159",$3.15M
831,What's Eating Gilbert Grape,1993,118,7.7,73,"220,879",$9.17M
832,Short Cuts,1993,188,7.7,79,"42,982",$6.11M
833,Philadelphia,1993,125,7.7,66,"229,269",$77.32M
834,The Muppet Christmas Carol,1992,85,7.7,64,"51,028",$27.28M
835,Malcolm X,1992,202,7.7,73,"88,490",$48.17M
836,The Last of the Mohicans,1992,112,7.7,76,"155,902",$75.51M
837,Kurenai no buta,1992,94,7.7,83,"81,249",^^
838,Glengarry Glen Ross,1992,100,7.7,82,"98,009",$10.73M
839,A Few Good Men,1992,138,7.7,62,"242,111",$141.34M
840,Night on Earth,1991,129,7.7,68,"56,876",$2.02M
841,Fried Green Tomatoes,1991,130,7.7,64,"69,114",$82.42M
842,Barton Fink,1991,116,7.7,69,"115,481",$6.15M
843,Miller's Crossing,1990,115,7.7,66,"128,167",$5.08M
844,Who Framed Roger Rabbit,1988,104,7.7,83,"186,364",$156.45M
845,Spoorloos,1988,107,7.7,^^,"34,892",^^
846,The Last Emperor,1987,163,7.7,76,"97,021",$43.98M
847,Evil Dead II,1987,84,7.7,72,"151,426",$5.92M
848,Empire of the Sun,1987,153,7.7,62,"118,477",$22.24M
849,Der Name der Rose,1986,130,7.7,54,"103,983",$7.15M
850,Down by Law,1986,107,7.7,75,"48,993",$1.44M
851,Blue Velvet,1986,120,7.7,76,"185,903",$8.55M
852,The Purple Rose of Cairo,1985,82,7.7,75,"48,006",$10.63M
853,After Hours,I 1985,97,7.7,90,"62,578",$10.60M
854,Zelig,1983,79,7.7,^^,"40,549",$11.80M
855,The Verdict,1982,129,7.7,77,"37,174",$54.00M
856,Star Trek II: The Wrath of Khan,1982,113,7.7,67,"114,831",$78.91M
857,First Blood,1982,93,7.7,61,"234,153",$47.21M
858,Ordinary People,1980,124,7.7,86,"48,456",$54.80M
859,Airplane!,1980,88,7.7,78,"220,809",$83.40M
860,Halloween,1978,91,7.7,87,"238,518",$47.00M
861,Le locataire,1976,126,7.7,71,"41,185",$1.92M
862,Love and Death,1975,85,7.7,89,"36,785",^^
863,The Taking of Pelham One Two Three,1974,104,7.7,68,"27,809",$2.49M
864,Blazing Saddles,1974,93,7.7,73,"129,119",$119.50M
865,Serpico,1973,130,7.7,87,"113,407",$29.80M
866,Enter the Dragon,1973,102,7.7,83,"99,107",$25.00M
867,Deliverance,1972,109,7.7,80,"101,519",$7.06M
868,The French Connection,1971,104,7.7,94,"113,647",$15.63M
869,Dirty Harry,1971,102,7.7,90,"146,825",$35.90M
870,The Odd Couple,1968,105,7.7,86,"32,494",$44.53M
871,The Dirty Dozen,1967,150,7.7,73,"68,589",$45.30M
872,Belle de jour,1967,100,7.7,^^,"41,499",$0.03M
873,A Man for All Seasons,1966,120,7.7,72,"32,350",$28.35M
874,Repulsion,1965,105,7.7,91,"50,043",^^
875,Zulu,1964,138,7.7,77,"36,947",^^
876,Goldfinger,1964,110,7.7,87,"177,514",$51.08M
877,The Birds,1963,119,7.7,90,"175,955",$11.40M
878,Cape Fear,1962,106,7.7,76,"27,110",^^
879,Peeping Tom,1960,101,7.7,^^,"32,469",$0.08M
880,The Magnificent Seven,1960,128,7.7,74,"89,619",$4.91M
881,Les yeux sans visage,1960,90,7.7,90,"28,652",$0.05M
882,Invasion of the Body Snatchers,1956,80,7.7,92,"45,986",^^
883,Rebel Without a Cause,1955,111,7.7,89,"85,448",^^
884,The Ladykillers,1955,91,7.7,91,"27,470",^^
885,Sabrina,1954,113,7.7,72,"60,936",^^
886,The Day the Earth Stood Still,1951,92,7.7,^^,"77,150",^^
887,Gilda,1946,110,7.7,^^,"28,866",^^
888,Fantasia,1940,125,7.7,96,"90,529",$76.41M
889,The 39 Steps,1935,86,7.7,93,"53,380",^^
890,The Invisible Man,1933,71,7.7,87,"31,601",^^
891,Dark Waters,2019,126,7.6,73,"69,547",^^
892,Searching,III 2018,102,7.6,71,"147,759",$26.02M
893,Once Upon a Time... in Hollywood,2019,161,7.6,83,"597,245",$142.50M
894,Nelyubov,2017,127,7.6,86,"31,001",$0.57M
895,The Florida Project,2017,111,7.6,92,"100,382",$5.90M
896,Just Mercy,2019,137,7.6,68,"52,960",^^
897,Gifted,2017,101,7.6,60,"104,991",$24.80M
898,The Peanut Butter Falcon,2019,97,7.6,70,"73,149",$13.12M
899,Victoria,II 2015,138,7.6,77,"54,944",^^
900,Guardians of the Galaxy Vol. 2,2017,136,7.6,67,"594,866",$389.81M
901,Baby Driver,2017,113,7.6,86,"464,413",$107.83M
902,Only the Brave,2017,134,7.6,72,"61,353",$18.34M
903,Bridge of Spies,2015,142,7.6,81,"294,640",$72.31M
904,Incredibles 2,2018,118,7.6,80,"262,137",$608.58M
905,Moana,I 2016,107,7.6,81,"288,008",$248.76M
906,Sicario,2015,121,7.6,82,"385,287",$46.89M
907,Creed,II 2015,133,7.6,82,"253,794",$109.77M
908,Leviafan,2014,140,7.6,92,"50,681",$1.09M
909,Hell or High Water,II 2016,102,7.6,88,"210,660",$26.86M
910,Philomena,2013,98,7.6,77,"95,876",$37.71M
911,El cuerpo,2012,112,7.6,^^,"60,418",^^
912,Serbuan maut,2011,101,7.6,73,"194,515",$4.11M
913,End of Watch,2012,109,7.6,68,"232,589",$41.00M
914,A Star Is Born,2018,136,7.6,88,"349,255",$215.29M
915,True Grit,2010,110,7.6,80,"319,052",$171.24M
916,Hævnen,2010,118,7.6,65,"38,971",$1.01M
917,Despicable Me,2010,95,7.6,72,"511,004",$251.51M
918,50/50,2011,100,7.6,72,"319,447",$35.01M
919,Kick-Ass,2010,117,7.6,66,"533,987",$48.07M
920,Celda 211,2009,113,7.6,^^,"65,018",^^
921,Moneyball,2011,133,7.6,87,"383,840",$75.61M
922,La piel que habito,2011,120,7.6,70,"142,913",$3.19M
923,Zombieland,2009,88,7.6,73,"533,468",$75.59M
924,Die Welle,2008,107,7.6,^^,"104,762",^^
925,Sherlock Holmes,2009,128,7.6,57,"595,363",$209.03M
926,The Blind Side,2009,129,7.6,53,"302,295",$255.96M
927,The Visitor,I 2007,104,7.6,79,"41,922",$9.42M
928,Seven Pounds,2008,123,7.6,36,"291,024",$69.95M
929,Eastern Promises,2007,100,7.6,82,"231,992",$17.11M
930,Stardust,2007,127,7.6,66,"259,891",$38.63M
931,The Secret of Kells,2009,71,7.6,81,"33,161",$0.69M
932,Inside Man,2006,129,7.6,76,"349,644",$88.51M
933,Gone Baby Gone,2007,114,7.6,72,"257,646",$20.30M
934,La Vie En Rose,2007,140,7.6,66,"83,962",$10.30M
935,Huo Yuan Jia,2006,104,7.6,70,"73,666",$24.63M
936,The Illusionist,2006,110,7.6,68,"359,319",$39.87M
937,Dead Man's Shoes,2004,90,7.6,52,"50,719",$0.01M
938,Harry Potter and the Half-Blood Prince,2009,153,7.6,78,"490,962",$301.96M
939,300,2006,117,7.6,52,"749,004",$210.61M
940,Match Point,2005,124,7.6,72,"209,345",$23.09M
941,Watchmen,2009,162,7.6,56,"519,502",$107.51M
942,Lord of War,2005,122,7.6,62,"299,237",$24.15M
943,Saw,2004,103,7.6,46,"390,415",$56.00M
944,Mysterious Skin,2004,105,7.6,73,"66,772",$0.70M
945,Un long dimanche de fiançailles,2004,133,7.6,76,"71,623",$6.17M
946,The Station Agent,2003,89,7.6,81,"68,121",$5.74M
947,21 Grams,2003,124,7.6,70,"227,455",$16.29M
948,Boksuneun naui geot,2002,129,7.6,56,"64,435",$0.05M
949,25th Hour,2002,135,7.6,68,"171,812",$13.06M
950,The Butterfly Effect,2004,113,7.6,30,"459,960",$57.94M
951,I Am Sam,2001,132,7.6,28,"145,117",$40.31M
952,Batoru rowaiaru,2000,114,7.6,81,"172,333",^^
953,The Royal Tenenbaums,2001,110,7.6,76,"272,922",$52.36M
954,Y tu mamá también,2001,106,7.6,88,"117,910",$13.62M
955,Harry Potter and the Sorcerer's Stone,2001,152,7.6,64,"683,485",$317.58M
956,The Others,2001,101,7.6,74,"345,616",$96.52M
957,Enemy at the Gates,2001,131,7.6,53,"248,457",$51.40M
958,Traffic,2000,147,7.6,86,"199,310",$124.12M
959,Minority Report,2002,145,7.6,80,"518,942",$132.07M
960,American Psycho,2000,101,7.6,64,"513,235",$15.07M
961,The Thin Red Line,1998,170,7.6,78,"176,689",$36.40M
962,Mulan,1998,88,7.6,71,"264,258",$120.62M
963,Fear and Loathing in Las Vegas,1998,118,7.6,41,"265,238",$10.68M
964,Dark City,1998,100,7.6,66,"191,197",$14.38M
965,Lost Highway,1997,134,7.6,52,"134,234",$3.80M
966,Die Hard: With a Vengeance,1995,128,7.6,58,"369,611",$100.01M
967,The Bridges of Madison County,1995,135,7.6,69,"75,422",$71.52M
968,Apollo 13,I 1995,140,7.6,77,"276,571",$173.84M
969,Trois couleurs: Blanc,1994,92,7.6,88,"66,884",$1.46M
970,Dazed and Confused,1993,102,7.6,78,"171,231",$7.99M
971,My Cousin Vinny,1992,120,7.6,68,"111,742",$52.93M
972,Kal Hee,1991,118,7.6,90,"28,678",$0.45M
973,Delicatessen,1991,99,7.6,66,"81,880",$1.79M
974,The Hunt for Red October,1990,135,7.6,58,"185,382",$122.01M
975,Home Alone,1990,103,7.6,63,"499,937",$285.76M
976,The Godfather: Part III,1990,162,7.6,60,"370,038",$66.67M
977,When Harry Met Sally...,1989,95,7.6,76,"201,299",$92.82M
978,The Naked Gun: From the Files of Police Squad!,1988,85,7.6,76,"157,554",$78.76M
979,Withnail & I,1987,107,7.6,84,"41,465",$1.54M
980,Lethal Weapon,1987,109,7.6,68,"242,327",$65.21M
981,Blood Simple,1984,99,7.6,83,"90,434",$2.15M
982,Mad Max 2,1981,96,7.6,77,"170,034",$12.47M
983,The Warriors,1979,92,7.6,65,"96,204",$22.49M
984,Rupan Sansei: Kariosutoro no Shiro,1979,100,7.6,71,"28,189",^^
985,The Muppet Movie,1979,95,7.6,74,"33,677",$76.66M
986,Escape from Alcatraz,1979,112,7.6,76,"125,057",$43.00M
987,Watership Down,1978,91,7.6,64,"34,505",^^
988,Close Encounters of the Third Kind,1977,138,7.6,90,"189,152",$132.09M
989,The Long Goodbye,1973,112,7.6,87,"27,544",$0.96M
990,Giù la testa,1971,157,7.6,77,"31,119",$0.70M
991,Kelly's Heroes,1970,144,7.6,50,"46,390",$1.38M
992,Where Eagles Dare,1968,158,7.6,63,"53,218",^^
993,The Jungle Book,1967,78,7.6,65,"170,052",$141.84M
994,A Hard Day's Night,1964,87,7.6,96,"41,169",$13.78M
995,Breakfast at Tiffany's,1961,115,7.6,76,"170,512",^^
996,Giant,1956,201,7.6,84,"35,020",^^
997,Shane,1953,118,7.6,80,"38,059",$20.00M
998,From Here to Eternity,1953,118,7.6,85,"44,353",$30.50M
999,Lifeboat,1944,97,7.6,78,"27,095",^^
